-- MySQL dump 10.13  Distrib 8.0.18, for Win64 (x86_64)
--
-- Host: localhost    Database: littlestar
-- ------------------------------------------------------
-- Server version	8.0.18

/*!40101 SET @OLD_CHARACTER_SET_CLIENT=@@CHARACTER_SET_CLIENT */;
/*!40101 SET @OLD_CHARACTER_SET_RESULTS=@@CHARACTER_SET_RESULTS */;
/*!40101 SET @OLD_COLLATION_CONNECTION=@@COLLATION_CONNECTION */;
/*!50503 SET NAMES utf8mb4 */;
/*!40103 SET @OLD_TIME_ZONE=@@TIME_ZONE */;
/*!40103 SET TIME_ZONE='+00:00' */;
/*!40014 SET @OLD_UNIQUE_CHECKS=@@UNIQUE_CHECKS, UNIQUE_CHECKS=0 */;
/*!40014 SET @OLD_FOREIGN_KEY_CHECKS=@@FOREIGN_KEY_CHECKS, FOREIGN_KEY_CHECKS=0 */;
/*!40101 SET @OLD_SQL_MODE=@@SQL_MODE, SQL_MODE='NO_AUTO_VALUE_ON_ZERO' */;
/*!40111 SET @OLD_SQL_NOTES=@@SQL_NOTES, SQL_NOTES=0 */;

--
-- Table structure for table `city`
--

DROP TABLE IF EXISTS `city`;
/*!40101 SET @saved_cs_client     = @@character_set_client */;
/*!50503 SET character_set_client = utf8mb4 */;
CREATE TABLE `city` (
  `adcode` varchar(40) DEFAULT NULL,
  `province` varchar(40) DEFAULT NULL,
  `city` varchar(40) DEFAULT NULL
) ENGINE=InnoDB DEFAULT CHARSET=utf8mb4 COLLATE=utf8mb4_0900_ai_ci;
/*!40101 SET character_set_client = @saved_cs_client */;

--
-- Dumping data for table `city`
--

LOCK TABLES `city` WRITE;
/*!40000 ALTER TABLE `city` DISABLE KEYS */;
INSERT INTO `city` VALUES ('110000','北京','北京市'),('120000','天津','天津市'),('130100','河北','石家庄市'),('140100','山西','太原市'),('150100','内蒙古','呼和浩特市'),('210100','辽宁','沈阳市'),('220100','吉林','长春市'),('230100','黑龙江','哈尔滨市'),('310000','上海','上海市'),('320100','江苏','南京市'),('330100','浙江','杭州市'),('340100','安徽','合肥市'),('350100','福建','福州市'),('360100','江西','南昌市'),('370100','山东','济南市'),('410100','河南','郑州市'),('420100','湖北','武汉市'),('430100','湖南','长沙市'),('440100','广东','广州市'),('450100','广西','南宁市'),('460100','海南','海口市'),('500100','重庆','重庆城区'),('510100','四川','成都市'),('520100','贵州','贵阳市'),('530100','云南','昆明市'),('540100','西藏','拉萨市'),('610100','陕西','西安市'),('620100','甘肃','兰州市'),('630100','青海','西宁市'),('640100','宁夏','银川市'),('650100','新疆','乌鲁木齐市'),('710000','台湾','台湾省'),('810000','香港','香港特别行政区'),('820000','澳门','澳门特别行政区');
/*!40000 ALTER TABLE `city` ENABLE KEYS */;
UNLOCK TABLES;

--
-- Table structure for table `forecast`
--

DROP TABLE IF EXISTS `forecast`;
/*!40101 SET @saved_cs_client     = @@character_set_client */;
/*!50503 SET character_set_client = utf8mb4 */;
CREATE TABLE `forecast` (
  `adcode` varchar(40) DEFAULT NULL,
  `date` varchar(40) DEFAULT NULL,
  `day_of_week` varchar(40) DEFAULT NULL,
  `day_weather` varchar(40) DEFAULT NULL,
  `night_weather` varchar(40) DEFAULT NULL,
  `day_temperature` varchar(40) DEFAULT NULL,
  `night_temperature` varchar(40) DEFAULT NULL,
  `day_wind_direction` varchar(40) DEFAULT NULL,
  `night_wind_direction` varchar(40) DEFAULT NULL,
  `day_wind_power` varchar(40) DEFAULT NULL,
  `night_wind_power` varchar(40) DEFAULT NULL,
  `report_time` varchar(40) DEFAULT NULL
) ENGINE=InnoDB DEFAULT CHARSET=utf8mb4 COLLATE=utf8mb4_0900_ai_ci;
/*!40101 SET character_set_client = @saved_cs_client */;

--
-- Dumping data for table `forecast`
--

LOCK TABLES `forecast` WRITE;
/*!40000 ALTER TABLE `forecast` DISABLE KEYS */;
INSERT INTO `forecast` VALUES ('110000','2020-01-09','4','晴','晴','5','-6','西南','西南','≤3','≤3','2020-01-09 11:37:16'),('110000','2020-01-10','5','晴','多云','7','-4','北','北','≤3','≤3','2020-01-09 11:37:16'),('110000','2020-01-11','6','阴','多云','2','-6','东北','东北','≤3','≤3','2020-01-09 11:37:16'),('110000','2020-01-12','7','多云','晴','3','-6','西南','西南','≤3','≤3','2020-01-09 11:37:16'),('120000','2020-01-09','4','多云','多云','5','-3','南','南','≤3','≤3','2020-01-09 11:36:16'),('120000','2020-01-10','5','多云','多云','5','-3','西','西','≤3','≤3','2020-01-09 11:36:16'),('120000','2020-01-11','6','阴','阴','3','-4','东','东','≤3','≤3','2020-01-09 11:36:16'),('120000','2020-01-12','7','阴','阴','2','-3','南','南','≤3','≤3','2020-01-09 11:36:16'),('130100','2020-01-09','4','晴','多云','5','-5','东南','东南','≤3','≤3','2020-01-09 11:32:50'),('130100','2020-01-10','5','多云','晴','5','-3','无风向','无风向','≤3','≤3','2020-01-09 11:32:50'),('130100','2020-01-11','6','多云','多云','2','-6','东','东','≤3','≤3','2020-01-09 11:32:50'),('130100','2020-01-12','7','多云','多云','2','-4','南','南','≤3','≤3','2020-01-09 11:32:50'),('140100','2020-01-09','4','多云','多云','1','-7','西','西','≤3','≤3','2020-01-09 11:37:30'),('140100','2020-01-10','5','多云','多云','2','-5','北','北','≤3','≤3','2020-01-09 11:37:30'),('140100','2020-01-11','6','晴','晴','2','-9','西','西','≤3','≤3','2020-01-09 11:37:30'),('140100','2020-01-12','7','晴','晴','6','-9','西南','西南','4','4','2020-01-09 11:37:30'),('150100','2020-01-09','4','晴','晴','-5','-15','北','北','4','4','2020-01-09 11:24:23'),('150100','2020-01-10','5','晴','多云','-5','-16','北','北','4','4','2020-01-09 11:24:23'),('150100','2020-01-11','6','晴','多云','-6','-15','西南','西南','4','4','2020-01-09 11:24:23'),('150100','2020-01-12','7','多云','晴','-5','-17','西南','西南','4','4','2020-01-09 11:24:23'),('210100','2020-01-09','4','晴','晴','-4','-18','南','南','≤3','≤3','2020-01-09 11:22:04'),('210100','2020-01-10','5','晴','晴','-3','-19','西南','西南','≤3','≤3','2020-01-09 11:22:04'),('210100','2020-01-11','6','多云','多云','-8','-19','北','北','≤3','≤3','2020-01-09 11:22:04'),('210100','2020-01-12','7','多云','多云','-8','-20','北','北','≤3','≤3','2020-01-09 11:22:04'),('220100','2020-01-09','4','多云','晴','-7','-15','西南','西南','≤3','≤3','2020-01-09 11:35:57'),('220100','2020-01-10','5','晴','晴','-6','-19','西南','西南','≤3','≤3','2020-01-09 11:35:57'),('220100','2020-01-11','6','多云','多云','-11','-21','西北','西北','≤3','≤3','2020-01-09 11:35:57'),('220100','2020-01-12','7','多云','晴','-12','-21','西北','西北','≤3','≤3','2020-01-09 11:35:57'),('230100','2020-01-09','4','多云','多云','-12','-21','西南','西南','≤3','≤3','2020-01-09 11:22:30'),('230100','2020-01-10','5','多云','多云','-12','-24','南','南','≤3','≤3','2020-01-09 11:22:30'),('230100','2020-01-11','6','多云','多云','-15','-26','西','西','≤3','≤3','2020-01-09 11:22:30'),('230100','2020-01-12','7','晴','晴','-16','-27','西','西','≤3','≤3','2020-01-09 11:22:30'),('310000','2020-01-09','4','小雨','小雨','7','5','北','北','≤3','≤3','2020-01-09 11:27:22'),('310000','2020-01-10','5','小雨','中雨','10','8','东北','东北','4','4','2020-01-09 11:27:22'),('310000','2020-01-11','6','小雨','小雨','9','5','东北','东北','4','4','2020-01-09 11:27:22'),('310000','2020-01-12','7','多云','多云','9','4','北','北','4','4','2020-01-09 11:27:22'),('320100','2020-01-09','4','雨夹雪','阴','4','1','东','东','≤3','≤3','2020-01-09 11:26:58'),('320100','2020-01-10','5','小雨','小雨','6','4','东北','东北','≤3','≤3','2020-01-09 11:26:58'),('320100','2020-01-11','6','小雨','阴','5','0','东北','东北','≤3','≤3','2020-01-09 11:26:58'),('320100','2020-01-12','7','晴','晴','8','0','东','东','≤3','≤3','2020-01-09 11:26:58'),('330100','2020-01-09','4','小雨','小雨','7','6','东北','东北','4','4','2020-01-09 11:30:24'),('330100','2020-01-10','5','小雨-中雨','中雨','10','7','东北','东北','4','4','2020-01-09 11:30:24'),('330100','2020-01-11','6','中雨','小雨','8','6','西','西','4','4','2020-01-09 11:30:24'),('330100','2020-01-12','7','阴','多云','8','2','无风向','无风向','≤3','≤3','2020-01-09 11:30:24'),('340100','2020-01-09','4','小雨','阴','3','1','东','东','≤3','≤3','2020-01-09 11:26:28'),('340100','2020-01-10','5','小雨','小雨','5','3','东北','东北','≤3','≤3','2020-01-09 11:26:28'),('340100','2020-01-11','6','小雨','多云','7','-2','北','北','≤3','≤3','2020-01-09 11:26:28'),('340100','2020-01-12','7','晴','多云','7','0','东','东','≤3','≤3','2020-01-09 11:26:28'),('350100','2020-01-09','4','多云','多云','18','11','无风向','无风向','≤3','≤3','2020-01-09 11:27:26'),('350100','2020-01-10','5','晴','多云','21','12','无风向','无风向','≤3','≤3','2020-01-09 11:27:26'),('350100','2020-01-11','6','多云','小雨','24','13','无风向','无风向','≤3','≤3','2020-01-09 11:27:26'),('350100','2020-01-12','7','小雨','小雨','13','10','无风向','无风向','≤3','≤3','2020-01-09 11:27:26'),('360100','2020-01-09','4','小雨','小雨','8','6','北','北','5','5','2020-01-09 11:34:12'),('360100','2020-01-10','5','小雨','小雨','8','6','北','北','4','4','2020-01-09 11:34:12'),('360100','2020-01-11','6','小雨','阴','8','5','北','北','4','4','2020-01-09 11:34:12'),('360100','2020-01-12','7','多云','多云','11','5','无风向','无风向','≤3','≤3','2020-01-09 11:34:12'),('370100','2020-01-09','4','晴','多云','6','-5','南','南','≤3','≤3','2020-01-09 11:28:17'),('370100','2020-01-10','5','多云','多云','7','-2','北','北','≤3','≤3','2020-01-09 11:28:17'),('370100','2020-01-11','6','阴','晴','3','-5','北','北','≤3','≤3','2020-01-09 11:28:17'),('370100','2020-01-12','7','晴','多云','5','-3','南','南','≤3','≤3','2020-01-09 11:28:17'),('410100','2020-01-09','4','阴','阴','5','-1','东南','东南','≤3','≤3','2020-01-09 11:23:56'),('410100','2020-01-10','5','阴','雨夹雪','6','0','东南','东南','≤3','≤3','2020-01-09 11:23:56'),('410100','2020-01-11','6','雨夹雪','多云','6','-3','东北','东北','≤3','≤3','2020-01-09 11:23:56'),('410100','2020-01-12','7','多云','多云','8','-2','西南','西南','4','4','2020-01-09 11:23:56'),('420100','2020-01-09','4','小雨','小雨','5','2','北','北','4','4','2020-01-09 11:23:04'),('420100','2020-01-10','5','中雨','小雨','4','2','北','北','4','4','2020-01-09 11:23:04'),('420100','2020-01-11','6','阴','多云','6','-1','北','北','4','4','2020-01-09 11:23:04'),('420100','2020-01-12','7','多云','多云','7','0','东南','东南','≤3','≤3','2020-01-09 11:23:04'),('430100','2020-01-09','4','小雨','小雨','6','4','北','北','≤3','≤3','2020-01-09 11:25:52'),('430100','2020-01-10','5','小雨','中雨','5','3','北','北','≤3','≤3','2020-01-09 11:25:52'),('430100','2020-01-11','6','小雨','多云','5','2','北','北','≤3','≤3','2020-01-09 11:25:52'),('430100','2020-01-12','7','多云','多云','9','2','北','北','≤3','≤3','2020-01-09 11:25:52'),('440100','2020-01-09','4','多云','多云','24','17','无风向','无风向','≤3','≤3','2020-01-09 11:24:59'),('440100','2020-01-10','5','多云','多云','25','17','无风向','无风向','≤3','≤3','2020-01-09 11:24:59'),('440100','2020-01-11','6','小雨','小雨','24','11','无风向','无风向','≤3','≤3','2020-01-09 11:24:59'),('440100','2020-01-12','7','小雨','多云','18','10','北','北','4','4','2020-01-09 11:24:59'),('450100','2020-01-09','4','多云','阴','27','19','东南','东南','≤3','≤3','2020-01-09 11:31:03'),('450100','2020-01-10','5','多云','多云','27','19','东南','东南','≤3','≤3','2020-01-09 11:31:03'),('450100','2020-01-11','6','小雨','小雨','19','11','东北','东北','4','4','2020-01-09 11:31:03'),('450100','2020-01-12','7','多云','多云','17','10','东北','东北','≤3','≤3','2020-01-09 11:31:03'),('460100','2020-01-09','4','多云','多云','26','19','无风向','无风向','≤3','≤3','2020-01-09 11:29:32'),('460100','2020-01-10','5','多云','多云','26','20','无风向','无风向','≤3','≤3','2020-01-09 11:29:32'),('460100','2020-01-11','6','晴','小雨','27','20','无风向','无风向','≤3','≤3','2020-01-09 11:29:32'),('460100','2020-01-12','7','小雨','小雨','22','19','东北','东北','4','4','2020-01-09 11:29:32'),('500100','2020-01-09','4','阴','小雨','12','9','南','南','≤3','≤3','2020-01-09 11:29:19'),('500100','2020-01-10','5','阴','小雨','11','8','无风向','无风向','≤3','≤3','2020-01-09 11:29:19'),('500100','2020-01-11','6','多云','多云','13','11','东北','东北','≤3','≤3','2020-01-09 11:29:19'),('500100','2020-01-12','7','多云','多云','16','9','东北','东北','≤3','≤3','2020-01-09 11:29:19'),('510100','2020-01-09','4','阴','小雨','9','5','无风向','无风向','≤3','≤3','2020-01-09 11:34:55'),('510100','2020-01-10','5','阴','多云','9','4','无风向','无风向','≤3','≤3','2020-01-09 11:34:55'),('510100','2020-01-11','6','晴','晴','12','5','无风向','无风向','≤3','≤3','2020-01-09 11:34:55'),('510100','2020-01-12','7','阴','小雨','10','6','无风向','无风向','≤3','≤3','2020-01-09 11:34:55'),('520100','2020-01-09','4','阴','阴','9','6','东北','东北','≤3','≤3','2020-01-09 11:29:13'),('520100','2020-01-10','5','多云','小雨','18','4','东北','东北','≤3','≤3','2020-01-09 11:29:13'),('520100','2020-01-11','6','阴','多云','8','3','北','北','≤3','≤3','2020-01-09 11:29:13'),('520100','2020-01-12','7','多云','多云','11','3','南','南','≤3','≤3','2020-01-09 11:29:13'),('530100','2020-01-09','4','晴','晴','18','4','西南','西南','4','4','2020-01-09 11:36:58'),('530100','2020-01-10','5','晴','晴','19','4','西南','西南','4','4','2020-01-09 11:36:58'),('530100','2020-01-11','6','多云','多云','18','5','无风向','无风向','≤3','≤3','2020-01-09 11:36:58'),('530100','2020-01-12','7','晴','晴','18','4','无风向','无风向','≤3','≤3','2020-01-09 11:36:58'),('540100','2020-01-09','4','阴','多云','6','-9','西南','西南','4','4','2020-01-09 11:26:43'),('540100','2020-01-10','5','晴','晴','3','-8','无风向','无风向','≤3','≤3','2020-01-09 11:26:43'),('540100','2020-01-11','6','晴','晴','8','-5','无风向','无风向','≤3','≤3','2020-01-09 11:26:43'),('540100','2020-01-12','7','晴','晴','13','-1','无风向','无风向','≤3','≤3','2020-01-09 11:26:43'),('610100','2020-01-09','4','阴','阴','3','-1','东北','东北','4','4','2020-01-09 11:28:27'),('610100','2020-01-10','5','阴','阴','4','-1','西','西','≤3','≤3','2020-01-09 11:28:27'),('610100','2020-01-11','6','晴','晴','8','-4','东北','东北','≤3','≤3','2020-01-09 11:28:27'),('610100','2020-01-12','7','多云','阴','9','-1','东北','东北','≤3','≤3','2020-01-09 11:28:27'),('620100','2020-01-09','4','小雪','小雪','2','-5','东','东','≤3','≤3','2020-01-09 11:33:17'),('620100','2020-01-10','5','小雪','多云','0','-8','东北','东北','≤3','≤3','2020-01-09 11:33:17'),('620100','2020-01-11','6','晴','晴','5','-9','南','南','≤3','≤3','2020-01-09 11:33:17'),('620100','2020-01-12','7','晴','多云','2','-8','东','东','≤3','≤3','2020-01-09 11:33:17'),('630100','2020-01-09','4','多云','小雪','0','-8','东','东','4','4','2020-01-09 11:29:43'),('630100','2020-01-10','5','小雪','晴','0','-13','西','西','4','4','2020-01-09 11:29:43'),('630100','2020-01-11','6','晴','晴','3','-10','西','西','5','5','2020-01-09 11:29:43'),('630100','2020-01-12','7','晴','晴','5','-13','西','西','6','6','2020-01-09 11:29:43'),('640100','2020-01-09','4','小雪','阴','0','-9','无风向','无风向','≤3','≤3','2020-01-09 11:29:51'),('640100','2020-01-10','5','多云','晴','0','-7','无风向','无风向','≤3','≤3','2020-01-09 11:29:51'),('640100','2020-01-11','6','晴','晴','4','-8','无风向','无风向','≤3','≤3','2020-01-09 11:29:51'),('640100','2020-01-12','7','晴','晴','2','-10','西北','西北','4','4','2020-01-09 11:29:51'),('650100','2020-01-09','4','多云','多云','-8','-15','无风向','无风向','≤3','≤3','2020-01-09 11:25:27'),('650100','2020-01-10','5','多云','晴','-9','-14','无风向','无风向','≤3','≤3','2020-01-09 11:25:27'),('650100','2020-01-11','6','晴','晴','-8','-14','无风向','无风向','≤3','≤3','2020-01-09 11:25:27'),('650100','2020-01-12','7','晴','阴','-6','-13','无风向','无风向','≤3','≤3','2020-01-09 11:25:27'),('710000','2020-01-09','4','多云','多云','20','15','东','东','4','4','2020-01-09 11:34:32'),('710000','2020-01-10','5','多云','晴','21','17','东','东','5','5','2020-01-09 11:34:32'),('710000','2020-01-11','6','多云','多云','22','17','西','西','4','4','2020-01-09 11:34:32'),('710000','2020-01-12','7','小雨','中雨','17','15','东北','东北','4','4','2020-01-09 11:34:32'),('810000','2020-01-09','4','多云','多云','22','18','东','东','5','5','2020-01-09 11:33:47'),('810000','2020-01-10','5','多云','阴','22','18','东','东','5','5','2020-01-09 11:33:47'),('810000','2020-01-11','6','多云','阴','23','14','无风向','无风向','≤3','≤3','2020-01-09 11:33:47'),('810000','2020-01-12','7','小雨','阴','20','16','东北','东北','4','4','2020-01-09 11:33:47'),('820000','2020-01-09','4','多云','多云','22','19','东','东','5','5','2020-01-09 11:34:32'),('820000','2020-01-10','5','多云','阴','23','19','东','东','5','5','2020-01-09 11:34:32'),('820000','2020-01-11','6','多云','多云','23','14','无风向','无风向','≤3','≤3','2020-01-09 11:34:32'),('820000','2020-01-12','7','小雨','多云','20','14','北','北','4','4','2020-01-09 11:34:32');
/*!40000 ALTER TABLE `forecast` ENABLE KEYS */;
UNLOCK TABLES;

--
-- Table structure for table `forecast_weather`
--

DROP TABLE IF EXISTS `forecast_weather`;
/*!40101 SET @saved_cs_client     = @@character_set_client */;
/*!50503 SET character_set_client = utf8mb4 */;
CREATE TABLE `forecast_weather` (
  `province` varchar(40) DEFAULT NULL,
  `city` varchar(40) DEFAULT NULL,
  `adcode` varchar(40) DEFAULT NULL,
  `date` varchar(40) DEFAULT NULL,
  `day_of_week` varchar(40) DEFAULT NULL,
  `day_weather` varchar(40) DEFAULT NULL,
  `night_weather` varchar(40) DEFAULT NULL,
  `day_temperature` varchar(40) DEFAULT NULL,
  `night_temperature` varchar(40) DEFAULT NULL,
  `day_wind_direction` varchar(40) DEFAULT NULL,
  `night_wind_direction` varchar(40) DEFAULT NULL,
  `day_wind_power` varchar(40) DEFAULT NULL,
  `night_wind_power` varchar(40) DEFAULT NULL,
  `report_time` varchar(40) DEFAULT NULL
) ENGINE=InnoDB DEFAULT CHARSET=utf8mb4 COLLATE=utf8mb4_0900_ai_ci;
/*!40101 SET character_set_client = @saved_cs_client */;

--
-- Dumping data for table `forecast_weather`
--

LOCK TABLES `forecast_weather` WRITE;
/*!40000 ALTER TABLE `forecast_weather` DISABLE KEYS */;
INSERT INTO `forecast_weather` VALUES ('北京','北京市','110000','2020-01-09','4','晴','晴','5','-6','西南','西南','≤3','≤3','2020-01-09 11:37:16'),('北京','北京市','110000','2020-01-10','5','晴','多云','7','-4','北','北','≤3','≤3','2020-01-09 11:37:16'),('北京','北京市','110000','2020-01-11','6','阴','多云','2','-6','东北','东北','≤3','≤3','2020-01-09 11:37:16'),('北京','北京市','110000','2020-01-12','7','多云','晴','3','-6','西南','西南','≤3','≤3','2020-01-09 11:37:16'),('天津','天津市','120000','2020-01-09','4','多云','多云','5','-3','南','南','≤3','≤3','2020-01-09 11:36:16'),('天津','天津市','120000','2020-01-10','5','多云','多云','5','-3','西','西','≤3','≤3','2020-01-09 11:36:16'),('天津','天津市','120000','2020-01-11','6','阴','阴','3','-4','东','东','≤3','≤3','2020-01-09 11:36:16'),('天津','天津市','120000','2020-01-12','7','阴','阴','2','-3','南','南','≤3','≤3','2020-01-09 11:36:16'),('河北','石家庄市','130100','2020-01-09','4','晴','多云','5','-5','东南','东南','≤3','≤3','2020-01-09 11:32:50'),('河北','石家庄市','130100','2020-01-10','5','多云','晴','5','-3','无风向','无风向','≤3','≤3','2020-01-09 11:32:50'),('河北','石家庄市','130100','2020-01-11','6','多云','多云','2','-6','东','东','≤3','≤3','2020-01-09 11:32:50'),('河北','石家庄市','130100','2020-01-12','7','多云','多云','2','-4','南','南','≤3','≤3','2020-01-09 11:32:50'),('山西','太原市','140100','2020-01-09','4','多云','多云','1','-7','西','西','≤3','≤3','2020-01-09 11:37:30'),('山西','太原市','140100','2020-01-10','5','多云','多云','2','-5','北','北','≤3','≤3','2020-01-09 11:37:30'),('山西','太原市','140100','2020-01-11','6','晴','晴','2','-9','西','西','≤3','≤3','2020-01-09 11:37:30'),('山西','太原市','140100','2020-01-12','7','晴','晴','6','-9','西南','西南','4','4','2020-01-09 11:37:30'),('内蒙古','呼和浩特市','150100','2020-01-09','4','晴','晴','-5','-15','北','北','4','4','2020-01-09 11:24:23'),('内蒙古','呼和浩特市','150100','2020-01-10','5','晴','多云','-5','-16','北','北','4','4','2020-01-09 11:24:23'),('内蒙古','呼和浩特市','150100','2020-01-11','6','晴','多云','-6','-15','西南','西南','4','4','2020-01-09 11:24:23'),('内蒙古','呼和浩特市','150100','2020-01-12','7','多云','晴','-5','-17','西南','西南','4','4','2020-01-09 11:24:23'),('辽宁','沈阳市','210100','2020-01-09','4','晴','晴','-4','-18','南','南','≤3','≤3','2020-01-09 11:22:04'),('辽宁','沈阳市','210100','2020-01-10','5','晴','晴','-3','-19','西南','西南','≤3','≤3','2020-01-09 11:22:04'),('辽宁','沈阳市','210100','2020-01-11','6','多云','多云','-8','-19','北','北','≤3','≤3','2020-01-09 11:22:04'),('辽宁','沈阳市','210100','2020-01-12','7','多云','多云','-8','-20','北','北','≤3','≤3','2020-01-09 11:22:04'),('吉林','长春市','220100','2020-01-09','4','多云','晴','-7','-15','西南','西南','≤3','≤3','2020-01-09 11:35:57'),('吉林','长春市','220100','2020-01-10','5','晴','晴','-6','-19','西南','西南','≤3','≤3','2020-01-09 11:35:57'),('吉林','长春市','220100','2020-01-11','6','多云','多云','-11','-21','西北','西北','≤3','≤3','2020-01-09 11:35:57'),('吉林','长春市','220100','2020-01-12','7','多云','晴','-12','-21','西北','西北','≤3','≤3','2020-01-09 11:35:57'),('黑龙江','哈尔滨市','230100','2020-01-09','4','多云','多云','-12','-21','西南','西南','≤3','≤3','2020-01-09 11:22:30'),('黑龙江','哈尔滨市','230100','2020-01-10','5','多云','多云','-12','-24','南','南','≤3','≤3','2020-01-09 11:22:30'),('黑龙江','哈尔滨市','230100','2020-01-11','6','多云','多云','-15','-26','西','西','≤3','≤3','2020-01-09 11:22:30'),('黑龙江','哈尔滨市','230100','2020-01-12','7','晴','晴','-16','-27','西','西','≤3','≤3','2020-01-09 11:22:30'),('上海','上海市','310000','2020-01-09','4','小雨','小雨','7','5','北','北','≤3','≤3','2020-01-09 11:27:22'),('上海','上海市','310000','2020-01-10','5','小雨','中雨','10','8','东北','东北','4','4','2020-01-09 11:27:22'),('上海','上海市','310000','2020-01-11','6','小雨','小雨','9','5','东北','东北','4','4','2020-01-09 11:27:22'),('上海','上海市','310000','2020-01-12','7','多云','多云','9','4','北','北','4','4','2020-01-09 11:27:22'),('江苏','南京市','320100','2020-01-09','4','雨夹雪','阴','4','1','东','东','≤3','≤3','2020-01-09 11:26:58'),('江苏','南京市','320100','2020-01-10','5','小雨','小雨','6','4','东北','东北','≤3','≤3','2020-01-09 11:26:58'),('江苏','南京市','320100','2020-01-11','6','小雨','阴','5','0','东北','东北','≤3','≤3','2020-01-09 11:26:58'),('江苏','南京市','320100','2020-01-12','7','晴','晴','8','0','东','东','≤3','≤3','2020-01-09 11:26:58'),('浙江','杭州市','330100','2020-01-09','4','小雨','小雨','7','6','东北','东北','4','4','2020-01-09 11:30:24'),('浙江','杭州市','330100','2020-01-10','5','小雨-中雨','中雨','10','7','东北','东北','4','4','2020-01-09 11:30:24'),('浙江','杭州市','330100','2020-01-11','6','中雨','小雨','8','6','西','西','4','4','2020-01-09 11:30:24'),('浙江','杭州市','330100','2020-01-12','7','阴','多云','8','2','无风向','无风向','≤3','≤3','2020-01-09 11:30:24'),('安徽','合肥市','340100','2020-01-09','4','小雨','阴','3','1','东','东','≤3','≤3','2020-01-09 11:26:28'),('安徽','合肥市','340100','2020-01-10','5','小雨','小雨','5','3','东北','东北','≤3','≤3','2020-01-09 11:26:28'),('安徽','合肥市','340100','2020-01-11','6','小雨','多云','7','-2','北','北','≤3','≤3','2020-01-09 11:26:28'),('安徽','合肥市','340100','2020-01-12','7','晴','多云','7','0','东','东','≤3','≤3','2020-01-09 11:26:28'),('福建','福州市','350100','2020-01-09','4','多云','多云','18','11','无风向','无风向','≤3','≤3','2020-01-09 11:27:26'),('福建','福州市','350100','2020-01-10','5','晴','多云','21','12','无风向','无风向','≤3','≤3','2020-01-09 11:27:26'),('福建','福州市','350100','2020-01-11','6','多云','小雨','24','13','无风向','无风向','≤3','≤3','2020-01-09 11:27:26'),('福建','福州市','350100','2020-01-12','7','小雨','小雨','13','10','无风向','无风向','≤3','≤3','2020-01-09 11:27:26'),('江西','南昌市','360100','2020-01-09','4','小雨','小雨','8','6','北','北','5','5','2020-01-09 11:34:12'),('江西','南昌市','360100','2020-01-10','5','小雨','小雨','8','6','北','北','4','4','2020-01-09 11:34:12'),('江西','南昌市','360100','2020-01-11','6','小雨','阴','8','5','北','北','4','4','2020-01-09 11:34:12'),('江西','南昌市','360100','2020-01-12','7','多云','多云','11','5','无风向','无风向','≤3','≤3','2020-01-09 11:34:12'),('山东','济南市','370100','2020-01-09','4','晴','多云','6','-5','南','南','≤3','≤3','2020-01-09 11:28:17'),('山东','济南市','370100','2020-01-10','5','多云','多云','7','-2','北','北','≤3','≤3','2020-01-09 11:28:17'),('山东','济南市','370100','2020-01-11','6','阴','晴','3','-5','北','北','≤3','≤3','2020-01-09 11:28:17'),('山东','济南市','370100','2020-01-12','7','晴','多云','5','-3','南','南','≤3','≤3','2020-01-09 11:28:17'),('河南','郑州市','410100','2020-01-09','4','阴','阴','5','-1','东南','东南','≤3','≤3','2020-01-09 11:23:56'),('河南','郑州市','410100','2020-01-10','5','阴','雨夹雪','6','0','东南','东南','≤3','≤3','2020-01-09 11:23:56'),('河南','郑州市','410100','2020-01-11','6','雨夹雪','多云','6','-3','东北','东北','≤3','≤3','2020-01-09 11:23:56'),('河南','郑州市','410100','2020-01-12','7','多云','多云','8','-2','西南','西南','4','4','2020-01-09 11:23:56'),('湖北','武汉市','420100','2020-01-09','4','小雨','小雨','5','2','北','北','4','4','2020-01-09 11:23:04'),('湖北','武汉市','420100','2020-01-10','5','中雨','小雨','4','2','北','北','4','4','2020-01-09 11:23:04'),('湖北','武汉市','420100','2020-01-11','6','阴','多云','6','-1','北','北','4','4','2020-01-09 11:23:04'),('湖北','武汉市','420100','2020-01-12','7','多云','多云','7','0','东南','东南','≤3','≤3','2020-01-09 11:23:04'),('湖南','长沙市','430100','2020-01-09','4','小雨','小雨','6','4','北','北','≤3','≤3','2020-01-09 11:25:52'),('湖南','长沙市','430100','2020-01-10','5','小雨','中雨','5','3','北','北','≤3','≤3','2020-01-09 11:25:52'),('湖南','长沙市','430100','2020-01-11','6','小雨','多云','5','2','北','北','≤3','≤3','2020-01-09 11:25:52'),('湖南','长沙市','430100','2020-01-12','7','多云','多云','9','2','北','北','≤3','≤3','2020-01-09 11:25:52'),('广东','广州市','440100','2020-01-09','4','多云','多云','24','17','无风向','无风向','≤3','≤3','2020-01-09 11:24:59'),('广东','广州市','440100','2020-01-10','5','多云','多云','25','17','无风向','无风向','≤3','≤3','2020-01-09 11:24:59'),('广东','广州市','440100','2020-01-11','6','小雨','小雨','24','11','无风向','无风向','≤3','≤3','2020-01-09 11:24:59'),('广东','广州市','440100','2020-01-12','7','小雨','多云','18','10','北','北','4','4','2020-01-09 11:24:59'),('广西','南宁市','450100','2020-01-09','4','多云','阴','27','19','东南','东南','≤3','≤3','2020-01-09 11:31:03'),('广西','南宁市','450100','2020-01-10','5','多云','多云','27','19','东南','东南','≤3','≤3','2020-01-09 11:31:03'),('广西','南宁市','450100','2020-01-11','6','小雨','小雨','19','11','东北','东北','4','4','2020-01-09 11:31:03'),('广西','南宁市','450100','2020-01-12','7','多云','多云','17','10','东北','东北','≤3','≤3','2020-01-09 11:31:03'),('海南','海口市','460100','2020-01-09','4','多云','多云','26','19','无风向','无风向','≤3','≤3','2020-01-09 11:29:32'),('海南','海口市','460100','2020-01-10','5','多云','多云','26','20','无风向','无风向','≤3','≤3','2020-01-09 11:29:32'),('海南','海口市','460100','2020-01-11','6','晴','小雨','27','20','无风向','无风向','≤3','≤3','2020-01-09 11:29:32'),('海南','海口市','460100','2020-01-12','7','小雨','小雨','22','19','东北','东北','4','4','2020-01-09 11:29:32'),('重庆','重庆城区','500100','2020-01-09','4','阴','小雨','12','9','南','南','≤3','≤3','2020-01-09 11:29:19'),('重庆','重庆城区','500100','2020-01-10','5','阴','小雨','11','8','无风向','无风向','≤3','≤3','2020-01-09 11:29:19'),('重庆','重庆城区','500100','2020-01-11','6','多云','多云','13','11','东北','东北','≤3','≤3','2020-01-09 11:29:19'),('重庆','重庆城区','500100','2020-01-12','7','多云','多云','16','9','东北','东北','≤3','≤3','2020-01-09 11:29:19'),('四川','成都市','510100','2020-01-09','4','阴','小雨','9','5','无风向','无风向','≤3','≤3','2020-01-09 11:34:55'),('四川','成都市','510100','2020-01-10','5','阴','多云','9','4','无风向','无风向','≤3','≤3','2020-01-09 11:34:55'),('四川','成都市','510100','2020-01-11','6','晴','晴','12','5','无风向','无风向','≤3','≤3','2020-01-09 11:34:55'),('四川','成都市','510100','2020-01-12','7','阴','小雨','10','6','无风向','无风向','≤3','≤3','2020-01-09 11:34:55'),('贵州','贵阳市','520100','2020-01-09','4','阴','阴','9','6','东北','东北','≤3','≤3','2020-01-09 11:29:13'),('贵州','贵阳市','520100','2020-01-10','5','多云','小雨','18','4','东北','东北','≤3','≤3','2020-01-09 11:29:13'),('贵州','贵阳市','520100','2020-01-11','6','阴','多云','8','3','北','北','≤3','≤3','2020-01-09 11:29:13'),('贵州','贵阳市','520100','2020-01-12','7','多云','多云','11','3','南','南','≤3','≤3','2020-01-09 11:29:13'),('云南','昆明市','530100','2020-01-09','4','晴','晴','18','4','西南','西南','4','4','2020-01-09 11:36:58'),('云南','昆明市','530100','2020-01-10','5','晴','晴','19','4','西南','西南','4','4','2020-01-09 11:36:58'),('云南','昆明市','530100','2020-01-11','6','多云','多云','18','5','无风向','无风向','≤3','≤3','2020-01-09 11:36:58'),('云南','昆明市','530100','2020-01-12','7','晴','晴','18','4','无风向','无风向','≤3','≤3','2020-01-09 11:36:58'),('西藏','拉萨市','540100','2020-01-09','4','阴','多云','6','-9','西南','西南','4','4','2020-01-09 11:26:43'),('西藏','拉萨市','540100','2020-01-10','5','晴','晴','3','-8','无风向','无风向','≤3','≤3','2020-01-09 11:26:43'),('西藏','拉萨市','540100','2020-01-11','6','晴','晴','8','-5','无风向','无风向','≤3','≤3','2020-01-09 11:26:43'),('西藏','拉萨市','540100','2020-01-12','7','晴','晴','13','-1','无风向','无风向','≤3','≤3','2020-01-09 11:26:43'),('陕西','西安市','610100','2020-01-09','4','阴','阴','3','-1','东北','东北','4','4','2020-01-09 11:28:27'),('陕西','西安市','610100','2020-01-10','5','阴','阴','4','-1','西','西','≤3','≤3','2020-01-09 11:28:27'),('陕西','西安市','610100','2020-01-11','6','晴','晴','8','-4','东北','东北','≤3','≤3','2020-01-09 11:28:27'),('陕西','西安市','610100','2020-01-12','7','多云','阴','9','-1','东北','东北','≤3','≤3','2020-01-09 11:28:27'),('甘肃','兰州市','620100','2020-01-09','4','小雪','小雪','2','-5','东','东','≤3','≤3','2020-01-09 11:33:17'),('甘肃','兰州市','620100','2020-01-10','5','小雪','多云','0','-8','东北','东北','≤3','≤3','2020-01-09 11:33:17'),('甘肃','兰州市','620100','2020-01-11','6','晴','晴','5','-9','南','南','≤3','≤3','2020-01-09 11:33:17'),('甘肃','兰州市','620100','2020-01-12','7','晴','多云','2','-8','东','东','≤3','≤3','2020-01-09 11:33:17'),('青海','西宁市','630100','2020-01-09','4','多云','小雪','0','-8','东','东','4','4','2020-01-09 11:29:43'),('青海','西宁市','630100','2020-01-10','5','小雪','晴','0','-13','西','西','4','4','2020-01-09 11:29:43'),('青海','西宁市','630100','2020-01-11','6','晴','晴','3','-10','西','西','5','5','2020-01-09 11:29:43'),('青海','西宁市','630100','2020-01-12','7','晴','晴','5','-13','西','西','6','6','2020-01-09 11:29:43'),('宁夏','银川市','640100','2020-01-09','4','小雪','阴','0','-9','无风向','无风向','≤3','≤3','2020-01-09 11:29:51'),('宁夏','银川市','640100','2020-01-10','5','多云','晴','0','-7','无风向','无风向','≤3','≤3','2020-01-09 11:29:51'),('宁夏','银川市','640100','2020-01-11','6','晴','晴','4','-8','无风向','无风向','≤3','≤3','2020-01-09 11:29:51'),('宁夏','银川市','640100','2020-01-12','7','晴','晴','2','-10','西北','西北','4','4','2020-01-09 11:29:51'),('新疆','乌鲁木齐市','650100','2020-01-09','4','多云','多云','-8','-15','无风向','无风向','≤3','≤3','2020-01-09 11:25:27'),('新疆','乌鲁木齐市','650100','2020-01-10','5','多云','晴','-9','-14','无风向','无风向','≤3','≤3','2020-01-09 11:25:27'),('新疆','乌鲁木齐市','650100','2020-01-11','6','晴','晴','-8','-14','无风向','无风向','≤3','≤3','2020-01-09 11:25:27'),('新疆','乌鲁木齐市','650100','2020-01-12','7','晴','阴','-6','-13','无风向','无风向','≤3','≤3','2020-01-09 11:25:27'),('台湾','台湾省','710000','2020-01-09','4','多云','多云','20','15','东','东','4','4','2020-01-09 11:34:32'),('台湾','台湾省','710000','2020-01-10','5','多云','晴','21','17','东','东','5','5','2020-01-09 11:34:32'),('台湾','台湾省','710000','2020-01-11','6','多云','多云','22','17','西','西','4','4','2020-01-09 11:34:32'),('台湾','台湾省','710000','2020-01-12','7','小雨','中雨','17','15','东北','东北','4','4','2020-01-09 11:34:32'),('香港','香港特别行政区','810000','2020-01-09','4','多云','多云','22','18','东','东','5','5','2020-01-09 11:33:47'),('香港','香港特别行政区','810000','2020-01-10','5','多云','阴','22','18','东','东','5','5','2020-01-09 11:33:47'),('香港','香港特别行政区','810000','2020-01-11','6','多云','阴','23','14','无风向','无风向','≤3','≤3','2020-01-09 11:33:47'),('香港','香港特别行政区','810000','2020-01-12','7','小雨','阴','20','16','东北','东北','4','4','2020-01-09 11:33:47'),('澳门','澳门特别行政区','820000','2020-01-09','4','多云','多云','22','19','东','东','5','5','2020-01-09 11:34:32'),('澳门','澳门特别行政区','820000','2020-01-10','5','多云','阴','23','19','东','东','5','5','2020-01-09 11:34:32'),('澳门','澳门特别行政区','820000','2020-01-11','6','多云','多云','23','14','无风向','无风向','≤3','≤3','2020-01-09 11:34:32'),('澳门','澳门特别行政区','820000','2020-01-12','7','小雨','多云','20','14','北','北','4','4','2020-01-09 11:34:32');
/*!40000 ALTER TABLE `forecast_weather` ENABLE KEYS */;
UNLOCK TABLES;

--
-- Table structure for table `lives_weather`
--

DROP TABLE IF EXISTS `lives_weather`;
/*!40101 SET @saved_cs_client     = @@character_set_client */;
/*!50503 SET character_set_client = utf8mb4 */;
CREATE TABLE `lives_weather` (
  `province` varchar(40) DEFAULT NULL,
  `city` varchar(40) DEFAULT NULL,
  `adcode` varchar(40) DEFAULT NULL,
  `weather` varchar(40) DEFAULT NULL,
  `temperature` varchar(40) DEFAULT NULL,
  `wind_direction` varchar(40) DEFAULT NULL,
  `wind_power` varchar(40) DEFAULT NULL,
  `humidity` varchar(40) DEFAULT NULL,
  `report_time` varchar(40) DEFAULT NULL
) ENGINE=InnoDB DEFAULT CHARSET=utf8mb4 COLLATE=utf8mb4_0900_ai_ci;
/*!40101 SET character_set_client = @saved_cs_client */;

--
-- Dumping data for table `lives_weather`
--

LOCK TABLES `lives_weather` WRITE;
/*!40000 ALTER TABLE `lives_weather` DISABLE KEYS */;
INSERT INTO `lives_weather` VALUES ('北京','北京市','110000','晴','0','东北','≤3','36','2020-01-09 11:37:16'),('天津','天津市','120000','多云','2','南','≤3','64','2020-01-09 11:36:16'),('河北','石家庄市','130100','晴','-5','北','≤3','84','2020-01-09 11:32:50'),('山西','太原市','140100','多云','-3','西南','≤3','84','2020-01-09 11:37:30'),('内蒙古','呼和浩特市','150100','多云','-13','东','≤3','77','2020-01-09 11:24:23'),('辽宁','沈阳市','210100','晴','-5','南','≤3','68','2020-01-09 11:22:04'),('吉林','长春市','220100','多云','-10','西南','≤3','85','2020-01-09 11:35:57'),('黑龙江','哈尔滨市','230100','多云','-16','西南','≤3','78','2020-01-09 11:22:29'),('上海','上海市','310000','阴','6','西北','≤3','75','2020-01-09 11:27:22'),('江苏','南京市','320100','雪','1','东北','≤3','100','2020-01-09 11:26:58'),('浙江','杭州市','330100','阴','6','东北','≤3','69','2020-01-09 11:30:24'),('安徽','合肥市','340100','雨夹雪','0','北','≤3','99','2020-01-09 11:26:28'),('福建','福州市','350100','多云','13','东北','≤3','57','2020-01-09 11:27:26'),('江西','南昌市','360100','阴','5','东北','≤3','81','2020-01-09 11:34:11'),('山东','济南市','370100','晴','1','西北','≤3','58','2020-01-09 11:28:17'),('河南','郑州市','410100','阴','3','东南','≤3','65','2020-01-09 11:23:56'),('湖北','武汉市','420100','雨','1','北','≤3','98','2020-01-09 11:23:04'),('湖南','长沙市','430100','阴','4','西北','≤3','88','2020-01-09 11:25:52'),('广东','广州市','440100','阴','21','东南','≤3','54','2020-01-09 11:24:59'),('广西','南宁市','450100','阴','19','东南','≤3','96','2020-01-09 11:31:04'),('海南','海口市','460100','多云','24','东南','≤3','77','2020-01-09 11:29:32'),('重庆','重庆城区','500100','雨','10','北','≤3','87','2020-01-09 11:29:19'),('四川','成都市','510100','阴','9','东北','≤3','73','2020-01-09 11:34:55'),('贵州','贵阳市','520100','阴','4','北','≤3','95','2020-01-09 11:29:13'),('云南','昆明市','530100','阴','13','西','≤3','57','2020-01-09 11:36:57'),('西藏','拉萨市','540100','多云','-4','东南','≤3','43','2020-01-09 11:26:43'),('陕西','西安市','610100','阴','1','北','≤3','96','2020-01-09 11:28:27'),('甘肃','兰州市','620100','阴','-4','北','≤3','82','2020-01-09 11:33:17'),('青海','西宁市','630100','雪','-4','东','≤3','87','2020-01-09 11:29:43'),('宁夏','银川市','640100','阴','-7','西北','≤3','73','2020-01-09 11:29:51'),('新疆','乌鲁木齐市','650100','阴','-18','北','≤3','85','2020-01-09 11:25:26'),('台湾','台湾省','710000','多云','15','东北','≤3','66','2020-01-09 11:34:31'),('香港','香港特别行政区','810000','阴','19','东南','≤3','67','2020-01-09 11:33:47'),('澳门','澳门特别行政区','820000','阴','20','东','≤3','71','2020-01-09 11:34:31');
/*!40000 ALTER TABLE `lives_weather` ENABLE KEYS */;
UNLOCK TABLES;
/*!40103 SET TIME_ZONE=@OLD_TIME_ZONE */;

/*!40101 SET SQL_MODE=@OLD_SQL_MODE */;
/*!40014 SET FOREIGN_KEY_CHECKS=@OLD_FOREIGN_KEY_CHECKS */;
/*!40014 SET UNIQUE_CHECKS=@OLD_UNIQUE_CHECKS */;
/*!40101 SET CHARACTER_SET_CLIENT=@OLD_CHARACTER_SET_CLIENT */;
/*!40101 SET CHARACTER_SET_RESULTS=@OLD_CHARACTER_SET_RESULTS */;
/*!40101 SET COLLATION_CONNECTION=@OLD_COLLATION_CONNECTION */;
/*!40111 SET SQL_NOTES=@OLD_SQL_NOTES */;

-- Dump completed on 2020-01-09 11:48:51
